name,type,how_found,official_or_list_url,other_doors,bucket,ingest_rec,clear_state,retry_paths,review_after,why
SXSW Official Schedule,group,catalog,https://schedule.sxsw.com/,,A,official,in_catalog,n/a - already committed,n/a,"catalog rank 1, category 'festival_feed'; see docs/CENSUS_CAPCOG.md for full bucket/grade derivation"
Mohawk Austin,venue,catalog,https://mohawkaustin.com/,,A,official,in_catalog,n/a - already committed,n/a,"catalog rank 12, category 'venue_calendar'; see docs/CENSUS_CAPCOG.md for full bucket/grade derivation"
Stubb's Austin,venue,catalog,https://www.stubbsaustin.com/,,B,official,in_catalog,n/a - already committed,n/a,"catalog rank 13, category 'venue_calendar'; see docs/CENSUS_CAPCOG.md for full bucket/grade derivation"
ACL Live at The Moody Theater,venue,catalog,https://www.acllive.com/,,B,official,in_catalog,n/a - already committed,n/a,"catalog rank 14, category 'venue_calendar'; see docs/CENSUS_CAPCOG.md for full bucket/grade derivation"
Antone's Nightclub,venue,catalog,https://antonesnightclub.com/,,B,official,in_catalog,n/a - already committed,n/a,"catalog rank 15, category 'venue_calendar'; see docs/CENSUS_CAPCOG.md for full bucket/grade derivation"
Empire Control Room & Garage,venue,catalog,https://empireatx.com/,,B,official,in_catalog,n/a - already committed,n/a,"catalog rank 16, category 'venue_calendar'; see docs/CENSUS_CAPCOG.md for full bucket/grade derivation"
The Continental Club (Austin),venue,catalog,https://continentalclub.com/austin,,B,official,in_catalog,n/a - already committed,n/a,"catalog rank 17, category 'venue_calendar'; see docs/CENSUS_CAPCOG.md for full bucket/grade derivation"
The Parish Austin,venue,catalog,https://parishaustin.com/,,B,official,in_catalog,n/a - already committed,n/a,"catalog rank 18, category 'venue_calendar'; see docs/CENSUS_CAPCOG.md for full bucket/grade derivation"
Emo's Austin,venue,catalog,https://emosaustin.com/,,B,official,in_catalog,n/a - already committed,n/a,"catalog rank 19, category 'venue_calendar'; see docs/CENSUS_CAPCOG.md for full bucket/grade derivation"
Paramount Theatre (Austin),venue,catalog,https://www.austintheatre.org/,,B,official,in_catalog,n/a - already committed,n/a,"catalog rank 20, category 'venue_calendar'; see docs/CENSUS_CAPCOG.md for full bucket/grade derivation"
The Saxon Pub,venue,catalog,https://saxonpub.com/,,B,official,in_catalog,n/a - already committed,n/a,"catalog rank 21, category 'venue_calendar'; see docs/CENSUS_CAPCOG.md for full bucket/grade derivation"
The White Horse (Austin),venue,catalog,https://thewhitehorseaustin.com/,,B,official,in_catalog,n/a - already committed,n/a,"catalog rank 22, category 'venue_calendar'; see docs/CENSUS_CAPCOG.md for full bucket/grade derivation"
Hotel Vegas,venue,catalog,https://hotelvegasaustin.com/,,B,official,in_catalog,n/a - already committed,n/a,"catalog rank 23, category 'venue_calendar'; see docs/CENSUS_CAPCOG.md for full bucket/grade derivation"
Visit Austin Events,civic,catalog,https://www.austintexas.org/events/,,A,official,in_catalog,n/a - already committed,n/a,"catalog rank 24, category 'city_calendar'; see docs/CENSUS_CAPCOG.md for full bucket/grade derivation"
Claimed Venue Upload (ICS/CSV),other,catalog,,,E,claim,in_catalog,n/a - already committed,n/a,"catalog rank 36, category 'claimed_upload'; see docs/CENSUS_CAPCOG.md for full bucket/grade derivation"
Opt-in Email Forwarding (Venue Schedules),other,catalog,,,E,harbor,in_catalog,n/a - already committed,n/a,"catalog rank 37, category 'email_opt_in'; see docs/CENSUS_CAPCOG.md for full bucket/grade derivation"
Google Calendar (Claimed OAuth),other,catalog,https://developers.google.com/calendar,,D,blocked_now,in_catalog,n/a - already committed,n/a,"catalog rank 38, category 'calendar_feed'; see docs/CENSUS_CAPCOG.md for full bucket/grade derivation"
Texas Performing Arts (UT Austin),venue,catalog,https://texasperformingarts.org/events/calendar/,,A,official,in_catalog,n/a - already committed,n/a,"catalog rank 42, category 'venue_calendar'; see docs/CENSUS_CAPCOG.md for full bucket/grade derivation"
"UT Austin Events Calendar (Texas Today, Localist)",education,catalog,https://calendar.utexas.edu/,,A,official,in_catalog,n/a - already committed,n/a,"catalog rank 43, category 'university_calendar'; see docs/CENSUS_CAPCOG.md for full bucket/grade derivation"
Texas State Presents (Texas State University),venue,catalog,https://txstatepresents.universitytickets.com/,,B,official,in_catalog,n/a - already committed,n/a,"catalog rank 44, category 'venue_calendar'; see docs/CENSUS_CAPCOG.md for full bucket/grade derivation"
Texas State University Main Events,education,catalog,https://events.txst.edu/,,A,official,in_catalog,n/a - already committed,n/a,"catalog rank 45, category 'university_calendar'; see docs/CENSUS_CAPCOG.md for full bucket/grade derivation"
Austin Community College Events Calendar,education,catalog,https://students.austincc.edu/calendars/acc-events-calendar/,,B,official,in_catalog,n/a - already committed,n/a,"catalog rank 46, category 'university_calendar'; see docs/CENSUS_CAPCOG.md for full bucket/grade derivation"
Austin Public Library Events,civic,catalog,https://library.austintexas.gov/events/calendar,,A,official,in_catalog,n/a - already committed,n/a,"catalog rank 47, category 'library_calendar'; see docs/CENSUS_CAPCOG.md for full bucket/grade derivation"
City of Austin Events (austintexas.gov),civic,catalog,https://www.austintexas.gov/events,,A,official,in_catalog,n/a - already committed,n/a,"catalog rank 48, category 'city_calendar'; see docs/CENSUS_CAPCOG.md for full bucket/grade derivation"
Blanton Museum of Art,venue,catalog,https://blantonmuseum.org/calendar_events,,B,official,in_catalog,n/a - already committed,n/a,"catalog rank 49, category 'venue_calendar'; see docs/CENSUS_CAPCOG.md for full bucket/grade derivation"
The Contemporary Austin,venue,catalog,https://thecontemporaryaustin.org/,,B,official,in_catalog,n/a - already committed,n/a,"catalog rank 50, category 'venue_calendar'; see docs/CENSUS_CAPCOG.md for full bucket/grade derivation"
Mexic-Arte Museum,venue,catalog,https://mexic-artemuseum.org/upcoming-events-calendar/,,B,official,in_catalog,n/a - already committed,n/a,"catalog rank 51, category 'venue_calendar'; see docs/CENSUS_CAPCOG.md for full bucket/grade derivation"
ZACH Theatre,venue,catalog,https://www.zachtheatre.org/,,B,official,in_catalog,n/a - already committed,n/a,"catalog rank 52, category 'venue_calendar'; see docs/CENSUS_CAPCOG.md for full bucket/grade derivation"
The Long Center for the Performing Arts,venue,catalog,https://thelongcenter.org/calendar/,,B,official,in_catalog,n/a - already committed,n/a,"catalog rank 53, category 'venue_calendar'; see docs/CENSUS_CAPCOG.md for full bucket/grade derivation"
Austin Film Society (AFS Cinema),venue,catalog,https://www.austinfilm.org/calendar/,,B,official,in_catalog,n/a - already committed,n/a,"catalog rank 54, category 'venue_calendar'; see docs/CENSUS_CAPCOG.md for full bucket/grade derivation"
BookPeople Events,venue,catalog,https://bookpeople.com/upcoming-events,,A,official,in_catalog,n/a - already committed,n/a,"catalog rank 55, category 'venue_calendar'; see docs/CENSUS_CAPCOG.md for full bucket/grade derivation"
Cap City Comedy Club,venue,catalog,https://www.capcitycomedy.com/,,B,official,in_catalog,n/a - already committed,n/a,"catalog rank 56, category 'venue_calendar'; see docs/CENSUS_CAPCOG.md for full bucket/grade derivation"
The Hideout Theatre,venue,catalog,https://hideouttheatre.com/,,B,official,in_catalog,n/a - already committed,n/a,"catalog rank 57, category 'venue_calendar'; see docs/CENSUS_CAPCOG.md for full bucket/grade derivation"
The Velveeta Room,venue,catalog,https://www.thevelveetaroom.com/shows,,B,official,in_catalog,n/a - already committed,n/a,"catalog rank 58, category 'venue_calendar'; see docs/CENSUS_CAPCOG.md for full bucket/grade derivation"
Historic Scoot Inn,venue,catalog,https://www.scootinnaustin.com/,,B,official,in_catalog,n/a - already committed,n/a,"catalog rank 70, category 'venue_calendar'; see docs/CENSUS_CAPCOG.md for full bucket/grade derivation"
Cheer Up Charlies,venue,catalog,https://cheerupcharlies.com/,,A,official,in_catalog,n/a - already committed,n/a,"catalog rank 71, category 'venue_calendar'; see docs/CENSUS_CAPCOG.md for full bucket/grade derivation"
The Far Out Lounge & Stage,venue,catalog,https://www.thefaroutaustin.com/events.html,,B,official,in_catalog,n/a - already committed,n/a,"catalog rank 72, category 'venue_calendar'; see docs/CENSUS_CAPCOG.md for full bucket/grade derivation"
Come and Take It Live,venue,catalog,https://www.comeandtakeitlive.com/,,B,official,in_catalog,n/a - already committed,n/a,"catalog rank 73, category 'venue_calendar'; see docs/CENSUS_CAPCOG.md for full bucket/grade derivation"
Elephant Room,venue,catalog,https://elephantroom.com/calendar,,B,official,in_catalog,n/a - already committed,n/a,"catalog rank 74, category 'venue_calendar'; see docs/CENSUS_CAPCOG.md for full bucket/grade derivation"
C-Boy's Heart & Soul,venue,catalog,https://www.cboys.com/calendar,,A,official,in_catalog,n/a - already committed,n/a,"catalog rank 75, category 'venue_calendar'; see docs/CENSUS_CAPCOG.md for full bucket/grade derivation"
3TEN ACL Live (Austin City Limits Live),venue,catalog,https://www.acllive.com/events/venue/acl-live-at-3ten,,B,official,in_catalog,n/a - already committed,n/a,"catalog rank 76, category 'venue_calendar'; see docs/CENSUS_CAPCOG.md for full bucket/grade derivation"
Austin Symphony Orchestra,group,catalog,https://my.austinsymphony.org/events?view=list,,B,official,in_catalog,n/a - already committed,n/a,"catalog rank 78, category 'venue_calendar'; see docs/CENSUS_CAPCOG.md for full bucket/grade derivation"
Ballet Austin,group,catalog,https://my.balletaustin.org/events,,B,official,in_catalog,n/a - already committed,n/a,"catalog rank 79, category 'venue_calendar'; see docs/CENSUS_CAPCOG.md for full bucket/grade derivation"
Austin Opera,group,catalog,https://my.austinopera.org/events?view=list,,B,official,in_catalog,n/a - already committed,n/a,"catalog rank 80, category 'venue_calendar'; see docs/CENSUS_CAPCOG.md for full bucket/grade derivation"
Fusebox Festival,group,catalog,https://fuseboxlive.com/,,B,official,in_catalog,n/a - already committed,n/a,"catalog rank 81, category 'festival_feed'; see docs/CENSUS_CAPCOG.md for full bucket/grade derivation"
Austin Chamber Music Center / Festival,group,catalog,https://austinchambermusic.org/concert-season/,,B,official,in_catalog,n/a - already committed,n/a,"catalog rank 82, category 'venue_calendar'; see docs/CENSUS_CAPCOG.md for full bucket/grade derivation"
Golden Hornet,group,catalog,https://www.goldenhornet.org/calendar,,B,official,in_catalog,n/a - already committed,n/a,"catalog rank 83, category 'venue_calendar'; see docs/CENSUS_CAPCOG.md for full bucket/grade derivation"
Round Rock Express (MiLB),group,catalog,https://www.milb.com/round-rock/schedule,,B,official,in_catalog,n/a - already committed,n/a,"catalog rank 84, category 'venue_calendar'; see docs/CENSUS_CAPCOG.md for full bucket/grade derivation"
Austin FC (MLS),group,catalog,https://www.austinfc.com/schedule/,,B,official,in_catalog,n/a - already committed,n/a,"catalog rank 85, category 'venue_calendar'; see docs/CENSUS_CAPCOG.md for full bucket/grade derivation"
Circuit of the Americas (COTA),venue,catalog,https://circuitoftheamericas.com/events/,,B,official,in_catalog,n/a - already committed,n/a,"catalog rank 86, category 'venue_calendar'; see docs/CENSUS_CAPCOG.md for full bucket/grade derivation"
Austin Spurs (NBA G League),group,catalog,https://austin.gleague.nba.com/schedule,,B,official,in_catalog,n/a - already committed,n/a,"catalog rank 87, category 'venue_calendar'; see docs/CENSUS_CAPCOG.md for full bucket/grade derivation"
Austin Food & Wine Festival,group,catalog,https://www.austinfoodandwinefestival.com/,,B,official,in_catalog,n/a - already committed,n/a,"catalog rank 88, category 'festival_feed'; see docs/CENSUS_CAPCOG.md for full bucket/grade derivation"
SFC Farmers' Market (Sustainable Food Center),market,catalog,https://sustainablefoodcenter.org/farmers-markets-support/sfc-farmers-markets/,,B,official,in_catalog,n/a - already committed,n/a,"catalog rank 89, category 'city_calendar'; see docs/CENSUS_CAPCOG.md for full bucket/grade derivation"
Texas Craft Brewers Festival,group,catalog,https://texascraftbrewersfestival.org/,,B,official,in_catalog,n/a - already committed,n/a,"catalog rank 90, category 'festival_feed'; see docs/CENSUS_CAPCOG.md for full bucket/grade derivation"
Elysium,venue,catalog,https://www.elysiumonline.net/events.html,,B,official,in_catalog,n/a - already committed,n/a,"catalog rank 91, category 'venue_calendar'; see docs/CENSUS_CAPCOG.md for full bucket/grade derivation"
Kingdom Nightclub,venue,catalog,https://kingdomnightclub.com/events/,,B,official,in_catalog,n/a - already committed,n/a,"catalog rank 92, category 'venue_calendar'; see docs/CENSUS_CAPCOG.md for full bucket/grade derivation"
The Concourse Project,venue,catalog,https://concourseproject.com/calendar/,,B,official,in_catalog,n/a - already committed,n/a,"catalog rank 93, category 'venue_calendar'; see docs/CENSUS_CAPCOG.md for full bucket/grade derivation"
Tapestry Dance Company,group,catalog,https://tapestry.org/season-shows,,B,official,in_catalog,n/a - already committed,n/a,"catalog rank 94, category 'venue_calendar'; see docs/CENSUS_CAPCOG.md for full bucket/grade derivation"
Bullock Texas State History Museum,venue,catalog,https://www.thestoryoftexas.com/calendar/,,B,official,in_catalog,n/a - already committed,n/a,"catalog rank 95, category 'venue_calendar'; see docs/CENSUS_CAPCOG.md for full bucket/grade derivation"
LBJ Presidential Library,venue,catalog,https://www.lbjlibrary.org/events,,B,official,in_catalog,n/a - already committed,n/a,"catalog rank 96, category 'venue_calendar'; see docs/CENSUS_CAPCOG.md for full bucket/grade derivation"
Austin History Center Association,group,catalog,https://austinhistory.org/events/,,B,official,in_catalog,n/a - already committed,n/a,"catalog rank 97, category 'venue_calendar'; see docs/CENSUS_CAPCOG.md for full bucket/grade derivation"
"George Washington Carver Museum, Cultural & Genealogy Center",venue,catalog,https://www.austintexas.gov/carver/events,,B,official,in_catalog,n/a - already committed,n/a,"catalog rank 98, category 'city_calendar'; see docs/CENSUS_CAPCOG.md for full bucket/grade derivation"
Asian American Resource Center (AARC),venue,catalog,https://www.austintexas.gov/aarc/asian-american-resource-center-event-calendar,,B,official,in_catalog,n/a - already committed,n/a,"catalog rank 99, category 'city_calendar'; see docs/CENSUS_CAPCOG.md for full bucket/grade derivation"
Thinkery (Austin Children's Museum),venue,catalog,https://my.thinkeryaustin.org/events,,B,official,in_catalog,n/a - already committed,n/a,"catalog rank 100, category 'venue_calendar'; see docs/CENSUS_CAPCOG.md for full bucket/grade derivation"
Austin Nature & Science Center,venue,catalog,https://www.austintexas.gov/parks/austin-nature-science-center-camps-events-and-community-programs,,B,official,in_catalog,n/a - already committed,n/a,"catalog rank 101, category 'city_calendar'; see docs/CENSUS_CAPCOG.md for full bucket/grade derivation"
UMLAUF Sculpture Garden & Museum,venue,catalog,https://www.umlaufsculpture.org/programs,,B,official,in_catalog,n/a - already committed,n/a,"catalog rank 102, category 'venue_calendar'; see docs/CENSUS_CAPCOG.md for full bucket/grade derivation"
Elisabet Ney Museum,venue,catalog,https://www.austintexas.gov/ney/programs-education,,B,official,in_catalog,n/a - already committed,n/a,"catalog rank 103, category 'city_calendar'; see docs/CENSUS_CAPCOG.md for full bucket/grade derivation"
Republic Square (Downtown Austin Alliance),venue,catalog,https://downtownaustin.com/republic-square-events/,,B,official,in_catalog,n/a - already committed,n/a,"catalog rank 104, category 'city_calendar'; see docs/CENSUS_CAPCOG.md for full bucket/grade derivation"
Waterloo Greenway Conservancy (Waterloo Park),venue,catalog,https://waterloogreenway.org/events/,,B,official,in_catalog,n/a - already committed,n/a,"catalog rank 105, category 'city_calendar'; see docs/CENSUS_CAPCOG.md for full bucket/grade derivation"
Mueller Austin (Parks & Events),venue,catalog,https://muelleraustin.com/events-at-mueller/,,B,official,in_catalog,n/a - already committed,n/a,"catalog rank 106, category 'city_calendar'; see docs/CENSUS_CAPCOG.md for full bucket/grade derivation"
Rodeo Austin (Star of Texas Fair & Rodeo),group,catalog,https://rodeoaustin.com/events/,,B,official,in_catalog,n/a - already committed,n/a,"catalog rank 107, category 'venue_calendar'; see docs/CENSUS_CAPCOG.md for full bucket/grade derivation"
Maker Faire Austin,group,catalog,https://austin.makerfaire.com/schedule/,,B,official,in_catalog,n/a - already committed,n/a,"catalog rank 108, category 'festival_feed'; see docs/CENSUS_CAPCOG.md for full bucket/grade derivation"
Texas Book Festival,group,catalog,https://texasbookfestival.org/schedule/,,B,official,in_catalog,n/a - already committed,n/a,"catalog rank 109, category 'festival_feed'; see docs/CENSUS_CAPCOG.md for full bucket/grade derivation"
Austin Trail of Lights,group,catalog,https://austintrailoflights.org/the-event,,B,official,in_catalog,n/a - already committed,n/a,"catalog rank 110, category 'festival_feed'; see docs/CENSUS_CAPCOG.md for full bucket/grade derivation"
Eeyore's Birthday Party,group,catalog,https://eeyores.org/,,B,official,in_catalog,n/a - already committed,n/a,"catalog rank 111, category 'festival_feed'; see docs/CENSUS_CAPCOG.md for full bucket/grade derivation"
Austin Yoga Festival,group,catalog,http://www.austinyogafestival.com/,,B,official,in_catalog,n/a - already committed,n/a,"catalog rank 112, category 'festival_feed'; see docs/CENSUS_CAPCOG.md for full bucket/grade derivation"
HAAM (Health Alliance for Austin Musicians),group,catalog,https://www.myhaam.org/calendar-of-events,,B,official,in_catalog,n/a - already committed,n/a,"catalog rank 113, category 'venue_calendar'; see docs/CENSUS_CAPCOG.md for full bucket/grade derivation"
Austin Fashion Week,group,catalog,https://austinfashionweek.sched.com/,,B,official,in_catalog,n/a - already committed,n/a,"catalog rank 114, category 'festival_feed'; see docs/CENSUS_CAPCOG.md for full bucket/grade derivation"
Meanwhile Brewing Co.,venue,catalog,https://www.meanwhilebeer.com/events,,B,official,in_catalog,n/a - already committed,n/a,"catalog rank 121, category 'venue_calendar'; see docs/CENSUS_CAPCOG.md for full bucket/grade derivation"
Central Machine Works Brewery,venue,catalog,https://www.cmwbrewery.com/live-music,,B,official,in_catalog,n/a - already committed,n/a,"catalog rank 122, category 'venue_calendar'; see docs/CENSUS_CAPCOG.md for full bucket/grade derivation"
Austin Beerworks,venue,catalog,https://austinbeerworks.com/calendar,,B,official,in_catalog,n/a - already committed,n/a,"catalog rank 123, category 'venue_calendar'; see docs/CENSUS_CAPCOG.md for full bucket/grade derivation"
Jester King Brewery,venue,catalog,https://jesterkingbrewery.com/events-calendar,,B,official,in_catalog,n/a - already committed,n/a,"catalog rank 124, category 'venue_calendar'; see docs/CENSUS_CAPCOG.md for full bucket/grade derivation"
Still Austin Whiskey Co.,venue,catalog,https://www.stillaustin.com/tasting-room-events,,B,official,in_catalog,n/a - already committed,n/a,"catalog rank 125, category 'venue_calendar'; see docs/CENSUS_CAPCOG.md for full bucket/grade derivation"
Oasis Texas Brewing Company,venue,catalog,https://www.otxbc.com/events,,B,official,in_catalog,n/a - already committed,n/a,"catalog rank 126, category 'venue_calendar'; see docs/CENSUS_CAPCOG.md for full bucket/grade derivation"
Whitestone Brewery,venue,catalog,https://whitestonebrewery.com/,,B,official,in_catalog,n/a - already committed,n/a,"catalog rank 127, category 'venue_calendar'; see docs/CENSUS_CAPCOG.md for full bucket/grade derivation"
Rentsch Brewery,venue,catalog,https://rentschbrewery.com/,,B,official,in_catalog,n/a - already committed,n/a,"catalog rank 128, category 'venue_calendar'; see docs/CENSUS_CAPCOG.md for full bucket/grade derivation"
Barking Armadillo Brewing,venue,catalog,https://barkingarmadillo.com/,,B,official,in_catalog,n/a - already committed,n/a,"catalog rank 129, category 'venue_calendar'; see docs/CENSUS_CAPCOG.md for full bucket/grade derivation"
Vista Brewing,venue,catalog,https://www.vistabrewingtx.com/calendars,,B,official,in_catalog,n/a - already committed,n/a,"catalog rank 130, category 'venue_calendar'; see docs/CENSUS_CAPCOG.md for full bucket/grade derivation"
Fitzhugh Brewing,venue,catalog,https://www.fitzhughbrewing.com/upcoming-events,,B,official,in_catalog,n/a - already committed,n/a,"catalog rank 131, category 'venue_calendar'; see docs/CENSUS_CAPCOG.md for full bucket/grade derivation"
Treaty Oak Distilling,venue,catalog,https://www.treatyoakdistilling.com/events,,B,official,in_catalog,n/a - already committed,n/a,"catalog rank 132, category 'venue_calendar'; see docs/CENSUS_CAPCOG.md for full bucket/grade derivation"
Dripping Springs Distilling,venue,catalog,https://drippingspringsdistilling.com/events/list/,,B,official,in_catalog,n/a - already committed,n/a,"catalog rank 133, category 'venue_calendar'; see docs/CENSUS_CAPCOG.md for full bucket/grade derivation"
Bell Springs Winery,venue,catalog,https://www.bellsprings.co/events,,B,official,in_catalog,n/a - already committed,n/a,"catalog rank 134, category 'venue_calendar'; see docs/CENSUS_CAPCOG.md for full bucket/grade derivation"
Yegua Creek Brewery & Restaurant,venue,catalog,https://www.yeguacreekbrewery.com/events,,B,official,in_catalog,n/a - already committed,n/a,"catalog rank 135, category 'venue_calendar'; see docs/CENSUS_CAPCOG.md for full bucket/grade derivation"
Rising Sun Vineyard,venue,catalog,https://www.risingsunvineyard.com/,,B,official,in_catalog,n/a - already committed,n/a,"catalog rank 136, category 'venue_calendar'; see docs/CENSUS_CAPCOG.md for full bucket/grade derivation"
Garrison Brothers Distillery,venue,catalog,https://www.garrisonbros.com/events,,B,official,in_catalog,n/a - already committed,n/a,"catalog rank 137, category 'venue_calendar'; see docs/CENSUS_CAPCOG.md for full bucket/grade derivation"
Carter Creek Winery Resort & Spa,venue,catalog,https://www.cartercreek.com/calendar-of-events,,B,official,in_catalog,n/a - already committed,n/a,"catalog rank 138, category 'venue_calendar'; see docs/CENSUS_CAPCOG.md for full bucket/grade derivation"
Iron Wolf Ranch & Distillery,venue,catalog,https://ironwolfranch.com/events/,,B,official,in_catalog,n/a - already committed,n/a,"catalog rank 139, category 'venue_calendar'; see docs/CENSUS_CAPCOG.md for full bucket/grade derivation"
Fall Creek Vineyards (Tow),venue,catalog,https://fcv.com/events/,,B,official,in_catalog,n/a - already committed,n/a,"catalog rank 140, category 'venue_calendar'; see docs/CENSUS_CAPCOG.md for full bucket/grade derivation"
Wedding Oak Winery,venue,catalog,http://www.weddingoakwinery.com/events,,B,official,in_catalog,n/a - already committed,n/a,"catalog rank 141, category 'venue_calendar'; see docs/CENSUS_CAPCOG.md for full bucket/grade derivation"
Round Top Brewing Co.,venue,catalog,http://www.roundtopbrewing.com/new-events-1,,B,official,in_catalog,n/a - already committed,n/a,"catalog rank 142, category 'venue_calendar'; see docs/CENSUS_CAPCOG.md for full bucket/grade derivation"
Becker Vineyards,venue,catalog,https://beckervineyards.com/events,,B,official,in_catalog,n/a - already committed,n/a,"catalog rank 143, category 'venue_calendar'; see docs/CENSUS_CAPCOG.md for full bucket/grade derivation"
Pedernales Cellars,venue,catalog,https://www.pedernalescellars.com/events-calendar/,,B,official,in_catalog,n/a - already committed,n/a,"catalog rank 144, category 'venue_calendar'; see docs/CENSUS_CAPCOG.md for full bucket/grade derivation"
Signor Vineyards,venue,catalog,https://www.signorvineyards.com/events,,B,official,in_catalog,n/a - already committed,n/a,"catalog rank 145, category 'venue_calendar'; see docs/CENSUS_CAPCOG.md for full bucket/grade derivation"
Augusta Vin Winery,venue,catalog,https://augustavin.com/events/,,B,official,in_catalog,n/a - already committed,n/a,"catalog rank 146, category 'venue_calendar'; see docs/CENSUS_CAPCOG.md for full bucket/grade derivation"
Longhorn Cellars,venue,catalog,https://longhorncellars.com/calendar/,,B,official,in_catalog,n/a - already committed,n/a,"catalog rank 147, category 'venue_calendar'; see docs/CENSUS_CAPCOG.md for full bucket/grade derivation"
Ab Astris Winery,venue,catalog,https://www.abastriswinery.com/events,,B,official,in_catalog,n/a - already committed,n/a,"catalog rank 148, category 'venue_calendar'; see docs/CENSUS_CAPCOG.md for full bucket/grade derivation"
Meierstone Vineyards,venue,catalog,https://www.meierstonevineyards.com/events/,,B,official,in_catalog,n/a - already committed,n/a,"catalog rank 149, category 'venue_calendar'; see docs/CENSUS_CAPCOG.md for full bucket/grade derivation"
Barons Creek Vineyards,venue,catalog,https://baronscreekvineyards.com/events/,,B,official,in_catalog,n/a - already committed,n/a,"catalog rank 150, category 'venue_calendar'; see docs/CENSUS_CAPCOG.md for full bucket/grade derivation"
4.0 Cellars,venue,catalog,https://www.fourpointwine.com,,B,official,in_catalog,n/a - already committed,n/a,"catalog rank 151, category 'venue_calendar'; see docs/CENSUS_CAPCOG.md for full bucket/grade derivation"
Fiesta Winery,venue,catalog,https://www.fiestawinery.com,,B,official,in_catalog,n/a - already committed,n/a,"catalog rank 152, category 'venue_calendar'; see docs/CENSUS_CAPCOG.md for full bucket/grade derivation"
Fredericksburg Winery,venue,catalog,https://fbgwinery.com,,B,official,in_catalog,n/a - already committed,n/a,"catalog rank 153, category 'venue_calendar'; see docs/CENSUS_CAPCOG.md for full bucket/grade derivation"
Hilmy Cellars,venue,catalog,https://hilmywine.com,,B,official,in_catalog,n/a - already committed,n/a,"catalog rank 154, category 'venue_calendar'; see docs/CENSUS_CAPCOG.md for full bucket/grade derivation"
Slate Theory Winery,venue,catalog,https://slatetheory.com,,B,official,in_catalog,n/a - already committed,n/a,"catalog rank 155, category 'venue_calendar'; see docs/CENSUS_CAPCOG.md for full bucket/grade derivation"
Texas Wine Collective,venue,catalog,https://www.texaswinecollective.com,,B,official,in_catalog,n/a - already committed,n/a,"catalog rank 156, category 'venue_calendar'; see docs/CENSUS_CAPCOG.md for full bucket/grade derivation"
Adega Vinho Winery,venue,catalog,https://adegavinho.com/events/,,B,official,in_catalog,n/a - already committed,n/a,"catalog rank 157, category 'venue_calendar'; see docs/CENSUS_CAPCOG.md for full bucket/grade derivation"
K Estate Winery (Kuhlman Cellars),venue,catalog,https://kuhlmancellars.com,,B,official,in_catalog,n/a - already committed,n/a,"catalog rank 158, category 'venue_calendar'; see docs/CENSUS_CAPCOG.md for full bucket/grade derivation"
Messina Hof Hill Country Winery,venue,catalog,https://messinahof.com/fredericksburg/,,B,official,in_catalog,n/a - already committed,n/a,"catalog rank 159, category 'venue_calendar'; see docs/CENSUS_CAPCOG.md for full bucket/grade derivation"
Grape Creek Vineyards,venue,catalog,https://grapecreek.com,,B,official,in_catalog,n/a - already committed,n/a,"catalog rank 160, category 'venue_calendar'; see docs/CENSUS_CAPCOG.md for full bucket/grade derivation"
William Chris Vineyards,venue,catalog,https://williamchriswines.com/events/,,B,official,in_catalog,n/a - already committed,n/a,"catalog rank 161, category 'venue_calendar'; see docs/CENSUS_CAPCOG.md for full bucket/grade derivation"
Wildseed Farms,venue,catalog,https://wildseedfarms.com/events/,,B,official,in_catalog,n/a - already committed,n/a,"catalog rank 162, category 'venue_calendar'; see docs/CENSUS_CAPCOG.md for full bucket/grade derivation"
Salvation Spirits / The Speakeasy,venue,catalog,https://salvationspeakeasy.com,,B,official,in_catalog,n/a - already committed,n/a,"catalog rank 163, category 'venue_calendar'; see docs/CENSUS_CAPCOG.md for full bucket/grade derivation"
Altstadt Brewery,venue,catalog,https://altstadtbeer.com/happenings/,,B,official,in_catalog,n/a - already committed,n/a,"catalog rank 164, category 'venue_calendar'; see docs/CENSUS_CAPCOG.md for full bucket/grade derivation"
Altdorf Biergarten,venue,catalog,https://www.altdorfs.com/events/,,B,official,in_catalog,n/a - already committed,n/a,"catalog rank 165, category 'venue_calendar'; see docs/CENSUS_CAPCOG.md for full bucket/grade derivation"
Silver Creek Beer Garden & Grille,venue,catalog,https://silvercreekfbg.com,,B,official,in_catalog,n/a - already committed,n/a,"catalog rank 166, category 'venue_calendar'; see docs/CENSUS_CAPCOG.md for full bucket/grade derivation"
Lewis Wines,venue,catalog,https://www.lewiswines.com/events,,B,official,in_catalog,n/a - already committed,n/a,"catalog rank 167, category 'venue_calendar'; see docs/CENSUS_CAPCOG.md for full bucket/grade derivation"
Texas Hills Vineyard,venue,catalog,https://texashillsvineyard.com/events/,,B,official,in_catalog,n/a - already committed,n/a,"catalog rank 168, category 'venue_calendar'; see docs/CENSUS_CAPCOG.md for full bucket/grade derivation"
Siboney Cellars,venue,catalog,https://siboneycellars.com/events/,,B,official,in_catalog,n/a - already committed,n/a,"catalog rank 169, category 'venue_calendar'; see docs/CENSUS_CAPCOG.md for full bucket/grade derivation"
Vinovium,venue,catalog,https://www.vinovium.wine/events,,B,official,in_catalog,n/a - already committed,n/a,"catalog rank 170, category 'venue_calendar'; see docs/CENSUS_CAPCOG.md for full bucket/grade derivation"
Sandy Road Vineyards,venue,catalog,https://sandyroadvineyards.com/pages/events,,B,official,in_catalog,n/a - already committed,n/a,"catalog rank 171, category 'venue_calendar'; see docs/CENSUS_CAPCOG.md for full bucket/grade derivation"
Westcave Cellars Winery & Brewery,venue,catalog,https://www.westcavecellars.com/events/category/westcave-cellars/list/,,B,official,in_catalog,n/a - already committed,n/a,"catalog rank 172, category 'venue_calendar'; see docs/CENSUS_CAPCOG.md for full bucket/grade derivation"
290 Wine Castle,venue,catalog,https://www.290winecastle.com/Events,,B,official,in_catalog,n/a - already committed,n/a,"catalog rank 173, category 'venue_calendar'; see docs/CENSUS_CAPCOG.md for full bucket/grade derivation"
Esperanza Winery,venue,catalog,https://www.esperanzawinery.com/events-1,,B,official,in_catalog,n/a - already committed,n/a,"catalog rank 174, category 'venue_calendar'; see docs/CENSUS_CAPCOG.md for full bucket/grade derivation"
Hye Meadow Winery,venue,catalog,https://www.hyemeadow.com/pages/events,,B,official,in_catalog,n/a - already committed,n/a,"catalog rank 175, category 'venue_calendar'; see docs/CENSUS_CAPCOG.md for full bucket/grade derivation"
Ron Yates Wines,venue,catalog,https://www.ronyateswines.com/events,,B,official,in_catalog,n/a - already committed,n/a,"catalog rank 176, category 'venue_calendar'; see docs/CENSUS_CAPCOG.md for full bucket/grade derivation"
Pebble Rock Cellars,venue,catalog,https://www.pebblerockcellars.wine/,,B,official,in_catalog,n/a - already committed,n/a,"catalog rank 177, category 'venue_calendar'; see docs/CENSUS_CAPCOG.md for full bucket/grade derivation"
Real Ale Brewing Company,venue,catalog,https://realalebrewing.com/events/,,B,official,in_catalog,n/a - already committed,n/a,"catalog rank 178, category 'venue_calendar'; see docs/CENSUS_CAPCOG.md for full bucket/grade derivation"
Pecan Street Brewing,venue,catalog,https://www.pecanstreetbrewing.com/events,,B,official,in_catalog,n/a - already committed,n/a,"catalog rank 179, category 'venue_calendar'; see docs/CENSUS_CAPCOG.md for full bucket/grade derivation"
Texas Cannon Brewing Company,venue,catalog,https://www.texascannonbrewing.com/,,B,official,in_catalog,n/a - already committed,n/a,"catalog rank 180, category 'venue_calendar'; see docs/CENSUS_CAPCOG.md for full bucket/grade derivation"
Andalusia Whiskey Co.,venue,catalog,https://www.andalusiawhiskey.com/event-calendar,,B,official,in_catalog,n/a - already committed,n/a,"catalog rank 181, category 'venue_calendar'; see docs/CENSUS_CAPCOG.md for full bucket/grade derivation"
Milam & Greene Whiskey,venue,catalog,https://milamandgreenewhiskey.com/pages/events,,B,official,in_catalog,n/a - already committed,n/a,"catalog rank 182, category 'venue_calendar'; see docs/CENSUS_CAPCOG.md for full bucket/grade derivation"
Redbud Cafe,venue,catalog,https://redbudcafetx.com/music/,,B,official,in_catalog,n/a - already committed,n/a,"catalog rank 183, category 'venue_calendar'; see docs/CENSUS_CAPCOG.md for full bucket/grade derivation"
Uptown Blanco Arts & Entertainment,venue,catalog,https://www.uptownblanco.com/ballroom,,B,official,in_catalog,n/a - already committed,n/a,"catalog rank 184, category 'venue_calendar'; see docs/CENSUS_CAPCOG.md for full bucket/grade derivation"
The Loren at Lady Bird Lake -- Guest Chef Series,presenter,web_search,https://www.thelorenhotels.com/austin/cuisine/guest-chef-series,"thelorenhotels.com/austin/experiences/events (hotel's general events page, also uncatalogued)",B,official,found_unverified (WebSearch only; WebFetch egress-blocked this sandbox this session),direct fetch to confirm cadence/schedule,next sourcing session with live network access,"Rotating guest-chef program is the presenter; the hotel underneath it is a second, uncatalogued venue hole."
"Environmental Science Institute -- Hot Science, Cool Talks",presenter,web_search,https://www.esi.utexas.edu/community-engagement/hot-science-cool-talks/,"calendar.utexas.edu (UT's own Localist feed, already catalogued class A)",B,official,found_unverified (WebSearch only; WebFetch egress-blocked this sandbox this session),direct fetch; cross-check against UT's catalogued Localist feed,next sourcing session with live network access,Free public lecture series fills the 'professor' presenter slot; also reachable via an aggregator we already hold.
Austin Forum on Technology & Society,group,web_search,https://www.austinforum.org/,"eventbrite.com/o/the-austin-forum-on-technology-society (public org page, lead only)",B,official,found_unverified (WebSearch only; WebFetch egress-blocked this sandbox this session),direct fetch to confirm monthly cadence/next date,next sourcing session with live network access,"Monthly, free, public speaker series -- fills the 'speaker' presenter slot as a standing nonprofit."
ATX Hackerspace,other,web_search,http://wiki.atxhs.org/wiki/Welcome_to_the_ATX_Hackerspace_Wiki,do512.com/venues/atx-hackerspace (already-catalogued aggregator); hackaday.io/hackerspace/1089-atx-hackerspace,B,official,found_unverified (WebSearch only; WebFetch egress-blocked this sandbox this session),direct fetch of the wiki's events page; confirm the weekly Tuesday open house still runs,next sourcing session with live network access,"Member-run nonprofit, standing weekly public Open House -- the 'other' catch-all example."
[HOLE] Independent touring band -- own official site,presenter,web_search (negative),,"Bandsintown, Songkick, MusicBrainz (all three already catalogued)",,aggregator,blocked_now,propose '<band name> official site'; FETCH-CONFIRM before trusting any result,next sourcing session with live network access,3 CAPCOG touring acts searched; results were dominated by SEO ticket-reseller domains indistinguishable from a real artist site without a fetch -- refused to guess.
[HOLE] Independent author -- own appearances page,presenter,web_search,,"BookPeople, Austin Public Library 'Meet the Author', Texas Book Festival (all catalogued)",,aggregator,blocked_now,"propose '<author name> official site events'; oscarcasares.com is one candidate, not fetch-confirmed",next sourcing session with live network access,Literary presenters overwhelmingly route through 3 already-catalogued desks/institutions rather than independent pages.
[HOLE] Independent visual artist / gallery exhibition calendar,presenter,web_search,,"Blanton, The Contemporary Austin, Mexic-Arte (catalogued); City Hall People's Gallery (civic, catalogued)",,aggregator,blocked_now,"propose '<gallery> exhibition calendar'; wallyworkmangallery.com is one candidate, not fetch-confirmed",next sourcing session with live network access,Same pattern as author/band: a real-looking lead exists but could not be fetch-verified this session.
[HOLE] Independent comedian/personality standing show,presenter,web_search,,"Cap City Comedy Club, The Hideout Theatre, The Velveeta Room (all catalogued)",,aggregator,blocked_now,propose 'Austin comedian residency' / 'live podcast taping series'; fetch-confirm,next sourcing session with live network access,'Personality' presenters resolve almost entirely through the 3 already-catalogued comedy venues.
Meetup -- New To Austin Community,group,web_search (via catalogued Meetup aggregator),https://www.meetup.com/enjoyable-events-around-town/,,B,aggregator,found_unverified (WebSearch only; WebFetch egress-blocked this sandbox this session),direct fetch to confirm active; repeat the pattern across other Meetup interest categories,next sourcing session with live network access,"Demonstrates the aggregator-to-TAM pattern Must-do #1 asks for: Meetup (catalogued, aggregator_lead) names a real local group we lacked."
City of Round Rock (Williamson County),civic,web_search,https://www.roundrocktexas.gov/events/,roundrocktexas.gov/city-departments/parks-and-recreation/parks-special-events/; roundrocktexas.gov/city-departments/arts-and-culture/events/,B,official,found_unverified (WebSearch only; WebFetch egress-blocked this sandbox this session),direct fetch,next sourcing session with live network access,Largest Williamson County city with no civic row in the catalog before this session.
City of San Marcos (Hays County),civic,web_search,https://www.sanmarcostx.gov/Calendar,,B,official,found_unverified (WebSearch only; WebFetch egress-blocked this sandbox this session),direct fetch,next sourcing session with live network access,County seat of Hays County; zero Hays County civic coverage existed before this session.
City of Kyle (Hays County),civic,web_search,https://www.cityofkyle.gov/living-here/parks-and-recreation/community-events,,B,official,found_unverified (WebSearch only; WebFetch egress-blocked this sandbox this session),direct fetch,next sourcing session with live network access,One of the fastest-growing CAPCOG cities; no prior catalog row.
City of Bastrop (Bastrop County),civic,web_search,https://connect.cityofbastrop.org/bastroptx,"cityofbastroptx.recdesk.com/Community/Calendar (separate parks & rec platform, same city)",B,official,found_unverified (WebSearch only; WebFetch egress-blocked this sandbox this session),direct fetch both doors,next sourcing session with live network access,"Two separate calendar platforms for one city -- both listed, neither fetch-confirmed."
City of Marble Falls (Burnet County),civic,web_search,https://www.marblefallstx.gov/733/Events,"visitmarblefalls.org/events (CVB/tourism door, graded trusted_publisher-adjacent -- see aggregator table)",B,official,found_unverified (WebSearch only; WebFetch egress-blocked this sandbox this session),direct fetch,next sourcing session with live network access,Hill Country expansion county (Burnet) had wineries but no civic row.
City of Lockhart (Caldwell County),civic,web_search,https://www.cityoflockhart.gov/Calendar.aspx,,B,official,found_unverified (WebSearch only; WebFetch egress-blocked this sandbox this session),direct fetch,next sourcing session with live network access,Runs on the CivicEngage municipal platform -- see aggregator table for the sibling-city implication. Caldwell County had zero rows.
[HOLE] City of Georgetown (Williamson County) civic calendar,civic,web_search (negative),,"visit.georgetown.org (tourism, not the city's own calendar)",,blocked_now,blocked_now,propose 'site:georgetown.org events calendar',next sourcing session with live network access,"Search surfaced only third-party/tourism pages, not the city's own calendar -- refused to guess a .gov path."
[HOLE] City of Buda (Hays County) civic calendar,civic,web_search (negative),,,,blocked_now,blocked_now,propose 'site:cityofbudatx.gov events calendar',next sourcing session with live network access,"Only regional roundups (Community Impact) surfaced, no first-party city calendar URL confirmed."
[HOLE] City of Pflugerville (Williamson County) general civic calendar,civic,web_search (partial),,"pflugervilletx.gov/717/Pfarmers-Market (confirmed -- see market section, but that is one program page, not the city's general calendar)",,blocked_now,blocked_now,propose 'site:pflugervilletx.gov events calendar',next sourcing session with live network access,Found the city's farmers-market page but not its general events calendar.
[HOLE] City of Llano (Llano County) civic calendar,civic,web_search (negative),,"101highlandlakes.com/events, hillcountrypassport.com/events (regional, not first-party)",,blocked_now,blocked_now,"propose ""site:llanotx.us OR 'City of Llano Texas' events calendar""",next sourcing session with live network access,Llano County (Hill Country expansion) had zero civic coverage; only regional aggregators surfaced.
"Southwestern University (Georgetown, Williamson County)",education,web_search,https://www.southwestern.edu/calendar/,do512.com/venues/southwestern-university (already-catalogued aggregator),B,official,found_unverified (WebSearch only; WebFetch egress-blocked this sandbox this session),direct fetch; confirm Localist/other feed under the hood,next sourcing session with live network access,Only private liberal-arts college in the catalog's footprint with a confirmed public calendar page; fills an education-type hole outside UT/Texas State/ACC.
[HOLE] St. Edward's University / Concordia University Texas / Huston-Tillotson University,education,web_search (not individually confirmed),,,,blocked_now,blocked_now,propose per school: '<school name> events calendar Localist site' then fetch-confirm,next sourcing session with live network access,Three more Austin-area campuses named but not individually verified this session -- grouped as one hole rather than guessed.
Pflugerville Pfarmers Market,market,web_search,https://www.pflugervilletx.gov/717/Pfarmers-Market,,B,official,found_unverified (WebSearch only; WebFetch egress-blocked this sandbox this session),direct fetch,next sourcing session with live network access,"City-run market page, cleanest door of the new market rows -- Williamson County had one market row (none) before this."
Always Fun Markets (multi-site market operator),other,web_search,https://www.alwaysfunmarkets.com/,runs the two markets below,B,official,found_unverified (WebSearch only; WebFetch egress-blocked this sandbox this session),direct fetch,next sourcing session with live network access,"A producer/operator entity, not itself one physical market -- same shape as a festival organizer; runs multiple CAPCOG-county markets."
"Wolf Ranch Farmers Market (Georgetown, Williamson County)",market,web_search,,"alwaysfunmarkets.com (operator, row above)",,aggregator,found_unverified (WebSearch only; WebFetch egress-blocked this sandbox this session),direct fetch of the operator's site for a market-specific page,next sourcing session with live network access,No market-specific URL beyond its operator; resolves through Always Fun Markets.
"Lakeline Plaza Farmers Market (Cedar Park, Williamson County)",market,web_search,,"alwaysfunmarkets.com (operator, row above)",,aggregator,found_unverified (WebSearch only; WebFetch egress-blocked this sandbox this session),direct fetch of the operator's site for a market-specific page,next sourcing session with live network access,Same operator pattern as Wolf Ranch; Cedar Park had zero market coverage before this.
